{
    "T": [
        50.0,
        60.0,
        70.0,
        80.0,
        90.0,
        100.0
    ],
    "vevDepthReal": [
        -2067279.3152039556,
        -1646312.8511391615,
        -1305778.8891356161,
        -1022886.0028444799,
        -785449.1393965618,
        -587095.8077148905
    ],
    "vevDepthImag": [
        0.0,
        0.0,
        0.0,
        0.0,
        0.0,
        0.0
    ],
    "vevLocation": [
        [
            0.00028964675059231504,
            0.00018360836757302934,
            0.0002951512348833181,
            7.5967705319549e-05,
            2.104248909038514e-06,
            0.00018952373117627017
        ],
        [
            0.0001,
            0.0001,
            0.0001,
            0.0001,
            0.0001,
            0.0001
        ],
        [
            34.01305891281951,
            31.002778059237798,
            28.367201056142704,
            25.94741558820328,
            23.633103358575795,
            21.335094552923238
        ]
    ],
    "bIsPerturbative": [
        true,
        true,
        true,
        true,
        true,
        true
    ],
    "failureReason": false
}