{
    "bmNumber": 1,
    "bmInput": {
        "thetaCPV": 2.0943951023931953,
        "ghDM": 0.0,
        "mS1": 67,
        "delta12": 4.0,
        "delta1c": 50.0,
        "deltac": 1.0,
        "darkHieracy": 1
    },
    "strong": 2.6680003892020023,
    "complex": false,
    "results": {
        "v3": [
            [
                2.6680003892020023,
                50.0
            ],
            [
                2.1269345014763417,
                60.0
            ],
            [
                1.7549451236805793,
                70.0
            ],
            [
                1.4866193875924325,
                80.0
            ],
            [
                1.2860617779434933,
                90.0
            ]
        ]
    },
    "steps": 5,
    "bIsPerturbative": true
}