{
    "T": [
        100.0,
        102.0,
        104.0,
        106.0,
        108.0,
        110.0,
        112.0,
        114.0,
        116.0,
        118.0,
        120.0,
        122.0,
        124.0,
        126.0,
        128.0,
        130.0,
        132.0,
        134.0,
        136.0,
        138.0,
        140.0,
        142.0,
        144.0,
        146.0,
        148.0,
        150.0,
        152.0,
        154.0,
        156.0,
        158.0
    ],
    "vevDepthReal": [
        -614942.5154743524,
        -580365.5311943801,
        -547203.0762013468,
        -515446.4288744109,
        -485089.5249721373,
        -456128.7574136391,
        -428562.81910133344,
        -402392.5424036912,
        -377620.808367049,
        -354252.4589356382,
        -332294.2251320302,
        -311754.7114685391,
        -292644.38599641813,
        -274975.60743446636,
        -258762.704138347,
        -244022.0735627315,
        -230772.34520099394,
        -219034.74056271912,
        -208833.24722598132,
        -200195.3856076243,
        -193152.9583897316,
        -187743.46429044273,
        -184012.46340180768,
        -182018.17634245707,
        -181842.2194223118,
        -183624.48938639014,
        -187712.13007670417,
        -192591.18802685465,
        -197673.87680563828,
        -202956.21975916394
    ],
    "vevDepthImag": [
        -1.945669361259393e-20,
        0.0,
        0.0,
        0.0,
        -2.4450282731193077e-22,
        0.0,
        -8.611806372051793e-23,
        0.0,
        0.0,
        0.0,
        0.0,
        -5.651298486661977e-20,
        -9.749858667748645e-21,
        0.0,
        -4.164440477441804e-20,
        0.0,
        -7.49878048457888e-19,
        0.0,
        0.0,
        -1.3648592454349816e-20,
        0.0,
        0.0,
        0.0,
        -6.009569380108981e-18,
        0.0,
        0.0,
        -1.2282205130242209e-21,
        0.0,
        0.0,
        0.0
    ],
    "vevLocation": [
        [
            -0.00015290735905613626,
            9.556911236940913e-06,
            0.0002160916263775764,
            3.0237505836301463e-05,
            -1.6775646941316613e-05,
            0.0003066820405364535,
            -9.84825759497987e-06,
            4.2009667397887366e-05,
            0.0007321171899922624,
            6.297127769713806e-07,
            0.00020322255800745044,
            -0.0002454604091647536,
            -0.00010139469038879419,
            0.00039774675404929613,
            -0.00020725638992615154,
            0.00032748926156742205,
            -0.0008698394663826381,
            3.4657424337308784e-05,
            0.0005393048223529177,
            -0.00011543049559177261,
            0.000510026594836982,
            0.0003787364366183354,
            0.00015506518203388994,
            -0.0023699693188244716,
            0.00013036972461994562,
            0.000472127749732766,
            -3.334751577325438e-05,
            1.4268917049603247e-06,
            1.4132257792487807e-06,
            1.41e-06
        ],
        [
            0.0001,
            0.0001,
            0.0001,
            0.0001,
            0.0001,
            0.0007272978967969327,
            0.0001,
            0.0001,
            0.0001,
            0.0001,
            0.0001,
            0.0002549653449533074,
            0.0001,
            0.00017363227804925154,
            0.0005325249679918255,
            0.0001,
            0.0008231857388307912,
            0.0001,
            0.0001,
            0.0001,
            0.0001,
            0.0001,
            0.00037079160206389405,
            0.0001,
            0.00019810145922960352,
            0.0001,
            0.0001,
            0.0001,
            0.0001,
            0.0001
        ],
        [
            21.561374525800577,
            21.106943255396523,
            20.649756771195893,
            20.188834203017173,
            19.72338902626,
            19.25254023028349,
            18.77622443149177,
            18.29280305588725,
            17.80107881409151,
            17.30019220741395,
            16.788668001165448,
            16.265184097369485,
            15.727983974302274,
            15.173971251035663,
            14.602809470543791,
            14.01058623931515,
            13.389910776271368,
            12.745351904595063,
            12.062434598568718,
            11.336332697414042,
            10.55494249852984,
            9.700183553573828,
            8.747761492912202,
            7.645896197211594,
            6.297440524655217,
            4.348068699434696,
            0.0001,
            0.0001,
            0.0001,
            0.0001
        ]
    ],
    "bIsPerturbative": [
        true,
        true,
        true,
        true,
        true,
        true,
        true,
        true,
        true,
        true,
        true,
        true,
        true,
        true,
        true,
        true,
        true,
        true,
        true,
        true,
        true,
        true,
        true,
        true,
        true,
        true,
        true,
        true,
        true,
        true
    ],
    "failureReason": false
}