{
    "T": [
        100.0,
        102.0,
        104.0,
        106.0,
        108.0,
        110.0,
        112.0,
        114.0,
        116.0,
        118.0,
        120.0,
        122.0,
        124.0,
        126.0,
        128.0,
        130.0,
        132.0,
        134.0,
        136.0,
        138.0,
        140.0,
        142.0,
        144.0,
        146.0,
        148.0,
        150.0,
        152.0,
        154.0,
        156.0,
        158.0,
        160.0,
        162.0,
        164.0
    ],
    "vevDepthReal": [
        -6434983.328884721,
        -6406078.304826437,
        -6378539.475341095,
        -6352345.152763119,
        -6327491.674534855,
        -6303973.25238591,
        -6281778.909049325,
        -6260900.074220165,
        -6241330.424859399,
        -6223065.723051291,
        -6206103.696933743,
        -6190443.937785764,
        -6176087.815914069,
        -6163038.399612437,
        -6151300.438564925,
        -6140880.331890652,
        -6131786.134586869,
        -6124027.6454035435,
        -6117616.406690718,
        -6112565.943205315,
        -6108891.933566155,
        -6106612.57510568,
        -6105749.107816487,
        -6106326.691255686,
        -6108375.769616091,
        -6111934.717494662,
        -6117055.1578632975,
        -6123815.7504334655,
        -6132382.37743458,
        -6142945.752436609,
        -6153932.519814649,
        -6165198.721518092,
        -6176728.950292006
    ],
    "vevDepthImag": [
        0.0,
        0.0,
        0.0,
        0.0,
        0.0,
        0.0,
        0.0,
        0.0,
        0.0,
        0.0,
        0.0,
        0.0,
        0.0,
        0.0,
        0.0,
        0.0,
        0.0,
        0.0,
        0.0,
        0.0,
        0.0,
        0.0,
        0.0,
        0.0,
        0.0,
        0.0,
        0.0,
        0.0,
        0.0,
        0.0,
        0.0,
        0.0,
        0.0
    ],
    "vevLocation": [
        [
            6.944652256528502e-05,
            6.172489384529117e-05,
            5.125104657279346e-06,
            7.835932671672622e-06,
            1.1714010390591074e-05,
            1.771493845153442e-05,
            2.7175457889351242e-05,
            -0.00014574150118978798,
            2.310272893472215e-05,
            9.979049145110176e-07,
            -0.00016099123974905316,
            -0.00018967554781403398,
            1.233449152177106e-05,
            -2.6047558727293235e-05,
            2.6837838782498794e-05,
            -2.7375412886258008e-05,
            5.377018004843934e-05,
            3.79635014658213e-05,
            3.8221091007277844e-05,
            -1.0920200260252158e-05,
            -1.0237849281388512e-05,
            -1.564711165364064e-05,
            0.0003434949596160565,
            8.079116960352673e-06,
            3.194093316431085e-05,
            7.386366271261435e-07,
            -2.6353316213831978e-05,
            -3.053962440502156e-05,
            -9.979362504502435e-05,
            3.5988444945476983e-09,
            -2.887182971866853e-09,
            -2.887182971866853e-09,
            -1.5504589067321779e-13
        ],
        [
            0.0011170637143593058,
            0.0001,
            0.0001,
            0.0001,
            0.0001,
            0.0001,
            0.0001,
            0.0001,
            0.0001659860746418012,
            0.0001,
            0.0001,
            0.0001,
            0.0001,
            0.0001,
            0.0001,
            0.0001,
            0.0001,
            0.0001,
            0.0001,
            0.0001,
            0.0001,
            0.0001,
            0.0001,
            0.0001,
            0.0001,
            0.0001,
            0.0001,
            0.0001,
            0.0001,
            0.0001,
            0.0001,
            0.0001,
            0.0001
        ],
        [
            21.77775969990992,
            21.34863834495332,
            20.919830751144193,
            20.488656918546265,
            20.0550650965922,
            19.61853124870312,
            19.178415698342377,
            18.734301504026433,
            18.28406813232229,
            17.82868548810558,
            17.366308092864998,
            16.895516329696743,
            16.41713846838537,
            15.927395157706759,
            15.426319636420596,
            14.911871870638734,
            14.380568838702157,
            13.834976148002706,
            13.2677202693649,
            12.674511599566404,
            12.053533031117446,
            11.397939274581123,
            10.699212574573856,
            9.944888296919038,
            9.11839348994742,
            8.19042213781878,
            7.1065284943117994,
            5.729514313903468,
            3.420208270279296,
            0.0001,
            0.0001,
            0.0001,
            0.0001
        ]
    ],
    "bIsPerturbative": [
        true,
        true,
        true,
        true,
        true,
        true,
        true,
        true,
        true,
        true,
        true,
        true,
        true,
        true,
        true,
        true,
        true,
        true,
        true,
        true,
        true,
        true,
        true,
        true,
        true,
        true,
        true,
        true,
        true,
        true,
        true,
        true,
        true
    ],
    "failureReason": false
}