{
    "T": [
        100.0,
        102.0,
        104.0,
        106.0,
        108.0,
        110.0,
        112.0,
        114.0,
        116.0,
        118.0,
        120.0,
        122.0,
        124.0,
        126.0,
        128.0,
        130.0,
        132.0,
        134.0,
        136.0,
        138.0,
        140.0,
        142.0,
        144.0,
        146.0,
        148.0,
        150.0,
        152.0,
        154.0,
        156.0,
        158.0,
        160.0,
        162.0,
        164.0
    ],
    "vevDepthReal": [
        -6434983.328884721,
        -6406078.304826437,
        -6378539.475341094,
        -6352345.152763119,
        -6327491.674534855,
        -6303973.25238591,
        -6281778.909049324,
        -6260900.074220166,
        -6241330.424859399,
        -6223065.723051291,
        -6206103.696933743,
        -6190443.937785764,
        -6176087.815914072,
        -6163038.399612437,
        -6151300.438564925,
        -6140880.331890652,
        -6131786.13458687,
        -6124027.645403545,
        -6117616.406690719,
        -6112565.943205315,
        -6108891.933566156,
        -6106612.575105682,
        -6105749.107816487,
        -6106326.691255688,
        -6108375.769616091,
        -6111934.717494662,
        -6117055.157863294,
        -6123815.7504334655,
        -6132382.37743458,
        -6142945.752436609,
        -6153932.519814649,
        -6165198.721518094,
        -6176728.950292006
    ],
    "vevDepthImag": [
        0.0,
        0.0,
        0.0,
        0.0,
        0.0,
        0.0,
        0.0,
        0.0,
        0.0,
        0.0,
        0.0,
        0.0,
        0.0,
        0.0,
        0.0,
        0.0,
        0.0,
        0.0,
        0.0,
        0.0,
        0.0,
        0.0,
        0.0,
        0.0,
        0.0,
        0.0,
        0.0,
        0.0,
        0.0,
        0.0,
        0.0,
        0.0,
        0.0
    ],
    "vevLocation": [
        [
            6.944652256528502e-05,
            6.172489384529117e-05,
            5.125106025591277e-06,
            7.835930988595984e-06,
            1.1714010448529239e-05,
            1.771494413008558e-05,
            2.7175462710524298e-05,
            -0.00014574150309927704,
            2.310272893472215e-05,
            9.979049145110176e-07,
            -0.00016099123974905316,
            -0.00018967554781403398,
            1.2334491200499459e-05,
            -2.6047559060715544e-05,
            2.6837839419783724e-05,
            -2.737541240957627e-05,
            5.3770179838873145e-05,
            3.796350190698864e-05,
            3.822109254386608e-05,
            -1.0920199389206138e-05,
            -1.0237848586257639e-05,
            -1.564713361741655e-05,
            0.0003434949596160565,
            8.08139932387611e-06,
            3.194093316431085e-05,
            7.386366271261435e-07,
            -2.6353317334672374e-05,
            -3.053962440502156e-05,
            -9.979362504502435e-05,
            3.5988444945476983e-09,
            -2.887182971866853e-09,
            3.4509174722722195e-14,
            0.0
        ],
        [
            0.0011170637143593058,
            0.0001,
            0.0001,
            0.0001,
            0.0001,
            0.0001,
            0.0001,
            0.0001,
            0.0001659860746418012,
            0.0001,
            0.0001,
            0.0001,
            0.0001,
            0.0001,
            0.0001,
            0.0001,
            0.0001,
            0.0001,
            0.0001,
            0.0001,
            0.0001,
            0.0001,
            0.0001,
            0.0001,
            0.0001,
            0.0001,
            0.0001,
            0.0001,
            0.0001,
            0.0001,
            0.0001,
            0.0001,
            0.0001
        ],
        [
            21.77775969990992,
            21.34863834495332,
            20.919830751139557,
            20.488656918538965,
            20.0550650965654,
            19.618531248734794,
            19.17841569832604,
            18.734301504081273,
            18.28406813232229,
            17.82868548810558,
            17.366308092864998,
            16.895516329696743,
            16.417138468351826,
            15.92739515770791,
            15.42631963642779,
            14.911871870664147,
            14.380568838685802,
            13.834976147974203,
            13.267720269393546,
            12.674511599511126,
            12.053533031216162,
            11.3979392749278,
            10.699212574573856,
            9.94488829222375,
            9.11839348994742,
            8.19042213781878,
            7.106528493863527,
            5.729514313903468,
            3.420208270279296,
            0.0001,
            0.0001,
            0.0001,
            0.0001
        ]
    ],
    "bIsPerturbative": [
        true,
        true,
        true,
        true,
        true,
        true,
        true,
        true,
        true,
        true,
        true,
        true,
        true,
        true,
        true,
        true,
        true,
        true,
        true,
        true,
        true,
        true,
        true,
        true,
        true,
        true,
        true,
        true,
        true,
        true,
        true,
        true,
        true
    ],
    "failureReason": false
}