{
    "T": [
        100.0,
        102.0,
        104.0,
        106.0,
        108.0,
        110.0,
        112.0,
        114.0,
        116.0,
        118.0,
        120.0,
        122.0,
        124.0,
        126.0,
        128.0,
        130.0,
        132.0,
        134.0,
        136.0,
        138.0,
        140.0,
        142.0,
        144.0,
        146.0,
        148.0,
        150.0,
        152.0,
        154.0,
        156.0,
        158.0
    ],
    "vevDepthReal": [
        -614942.51547434,
        -580365.5311943804,
        -547203.076201331,
        -515446.4288744111,
        -485089.5249721819,
        -456128.7574136751,
        -428562.8191013343,
        -402392.5424075136,
        -377620.8083669847,
        -354252.4589356384,
        -332294.2250927263,
        -311754.7078471026,
        -292644.38599638065,
        -274975.6074339585,
        -258762.7050661022,
        -244022.07356283485,
        -230772.3451693587,
        -219034.74050894377,
        -208833.2478920317,
        -200195.38607204895,
        -193152.96062879273,
        -187743.46429044293,
        -184012.44876892463,
        -182018.17634245343,
        -181842.21942231138,
        -183624.48938639025,
        -187712.13007670405,
        -192591.18802685483,
        -197673.87680563834,
        -202956.2197591641
    ],
    "vevDepthImag": [
        0.0,
        0.0,
        0.0,
        0.0,
        0.0,
        0.0,
        0.0,
        0.0,
        0.0,
        0.0,
        0.0,
        0.0,
        0.0,
        0.0,
        0.0,
        0.0,
        0.0,
        0.0,
        0.0,
        0.0,
        0.0,
        0.0,
        0.0,
        0.0,
        0.0,
        0.0,
        0.0,
        0.0,
        0.0,
        0.0
    ],
    "vevLocation": [
        [
            -0.00015291888279221275,
            9.557082579020326e-06,
            0.00021610468192168053,
            3.023750505630734e-05,
            -1.6595779183947723e-05,
            0.00030671965828895763,
            -9.846025670334768e-06,
            -7.988786317031718e-05,
            0.0007321321269429335,
            6.297300198694622e-07,
            -4.361545471165407e-05,
            0.0009889130809010646,
            -0.00010142401730074344,
            0.0003976327261092389,
            0.00041340982626208783,
            0.0003274387663979684,
            -0.0008705300285667752,
            3.4118942825034707e-05,
            -0.00028163073480687133,
            -0.00014071199456937994,
            -3.253380317131717e-05,
            0.0003787364357130153,
            -0.0002202922623393104,
            -0.0023699694544130137,
            0.00013036975397025252,
            0.00047212774296120875,
            -3.33477902744793e-05,
            1.4268915319592086e-06,
            1.4268915319592086e-06,
            1.4268915319592086e-06
        ],
        [
            0.0001,
            0.0001,
            0.0001,
            0.0001,
            0.0001,
            0.000727292242684996,
            0.0001,
            0.0001,
            0.0001,
            0.0001,
            0.0001,
            0.0005505092201735367,
            0.0001,
            0.0001745048995627307,
            0.0001,
            0.0001,
            0.0008247414289115421,
            0.00016266787982552138,
            0.0001,
            0.0001,
            0.0001,
            0.0001,
            0.0005107008213003292,
            0.0001,
            0.00019810180053374642,
            0.0001,
            0.0001,
            0.0001,
            0.0001,
            0.0001
        ],
        [
            21.561374531242972,
            21.106943254181008,
            20.64975677194876,
            20.188834203019923,
            19.723389137887885,
            19.25254025775143,
            18.77622443243811,
            18.292726692855897,
            17.801078839375908,
            17.300192207373573,
            16.788509336246932,
            16.265521013012382,
            15.72798404537015,
            15.173971281787908,
            14.60321158292962,
            14.01058624137858,
            13.389909023987212,
            12.74534967703941,
            12.062529942810931,
            11.335948070216599,
            10.553663600989536,
            9.700183553576592,
            8.743365224248928,
            7.645896196727355,
            6.297440524175211,
            4.348068699301858,
            0.0001,
            0.0001,
            0.0001,
            0.0001
        ]
    ],
    "bIsPerturbative": [
        true,
        true,
        true,
        true,
        true,
        true,
        true,
        true,
        true,
        true,
        true,
        true,
        true,
        true,
        true,
        true,
        true,
        true,
        true,
        true,
        true,
        true,
        true,
        true,
        true,
        true,
        true,
        true,
        true,
        true
    ],
    "failureReason": false
}