{
    "T": [
        100.0,
        102.0,
        104.0,
        106.0,
        108.0,
        110.0,
        112.0,
        114.0,
        116.0,
        118.0,
        120.0,
        122.0,
        124.0,
        126.0,
        128.0,
        130.0,
        132.0,
        134.0,
        136.0,
        138.0,
        140.0,
        142.0,
        144.0,
        146.0,
        148.0,
        150.0,
        152.0,
        154.0,
        156.0,
        158.0
    ],
    "vevDepthReal": [
        -634476.7863076143,
        -599993.2455050071,
        -566927.6406876515,
        -535271.3908130019,
        -505018.4854747246,
        -476165.4446956426,
        -448711.0391410218,
        -422656.2120794487,
        -398003.9362686355,
        -374759.141643286,
        -352928.6562812759,
        -332521.17234888213,
        -313547.237356454,
        -296019.29310635885,
        -279951.735666258,
        -265361.0297051399,
        -252265.88106820473,
        -240687.4927286348,
        -230649.93969056226,
        -222180.72173045453,
        -215311.61324957968,
        -210080.04234557095,
        -206531.40601814396,
        -204723.65797920368,
        -204737.7463665501,
        -206712.0274080777,
        -210991.0614686454,
        -216072.26096450692,
        -221357.72534924216,
        -226843.83978870083
    ],
    "vevDepthImag": [
        0.0,
        0.0,
        0.0,
        0.0,
        0.0,
        0.0,
        0.0,
        0.0,
        0.0,
        0.0,
        0.0,
        0.0,
        0.0,
        0.0,
        0.0,
        0.0,
        0.0,
        0.0,
        0.0,
        0.0,
        0.0,
        0.0,
        0.0,
        0.0,
        0.0,
        0.0,
        0.0,
        0.0,
        0.0,
        0.0
    ],
    "vevLocation": [
        [
            -7.94722619859578e-06,
            9.813649113593614e-06,
            -0.0012347616230543139,
            -3.508980134747132e-05,
            0.0010720561956068242,
            3.139129312623723e-05,
            -8.954605697431006e-05,
            0.00027387892929786606,
            3.5760023042730182e-06,
            -0.00016275690842470852,
            0.0006622525309979213,
            2.2335497366576806e-05,
            -5.47810775317157e-07,
            -6.500915828532884e-05,
            -7.884455030920945e-05,
            4.744749520987912e-05,
            6.582102126811984e-07,
            -0.00013210614735961529,
            -0.00012044224884093149,
            0.0004640176603242681,
            -0.0003611984853623962,
            1.2631598366973085e-05,
            0.0002887355607006179,
            5.676096359358068e-05,
            -0.00016546456948917016,
            -0.00019989448994841728,
            -6.780578896644664e-06,
            1.3463161558701777e-06,
            1.2001754317756894e-06,
            1.2001754317756894e-06
        ],
        [
            0.0001,
            0.00015971539563064584,
            0.0015711652984477372,
            0.0001,
            0.0001,
            0.0001,
            0.0006236879404975804,
            0.0001,
            0.0001,
            0.0001,
            0.0001,
            0.0001,
            0.0001,
            0.0001,
            0.0001,
            0.0001,
            0.0001,
            0.0001,
            0.0001,
            0.0001,
            0.0001,
            0.0001,
            0.0001,
            0.0001,
            0.0001,
            0.0001,
            0.0001,
            0.0001,
            0.0001,
            0.0001
        ],
        [
            21.558983223162937,
            21.10424337019291,
            20.647392204289385,
            20.18578270839988,
            19.720438422939857,
            19.24938487083975,
            18.772534790188285,
            18.28873955072454,
            17.7966302782031,
            17.294953121482312,
            16.78366269167153,
            16.25990319016593,
            15.72228213476692,
            15.168692030596851,
            14.596800466804149,
            14.00386246060205,
            13.38581563006079,
            12.737907922380664,
            12.055039154825371,
            11.328084646278636,
            10.547886529981508,
            9.692211900056115,
            8.739346300443637,
            7.641265354864324,
            6.291832018410911,
            4.347779437986246,
            0.0001,
            0.0001,
            0.0001,
            0.0001
        ]
    ],
    "bIsPerturbative": [
        true,
        true,
        true,
        true,
        true,
        true,
        true,
        true,
        true,
        true,
        true,
        true,
        true,
        true,
        true,
        true,
        true,
        true,
        true,
        true,
        true,
        true,
        true,
        true,
        true,
        true,
        true,
        true,
        true,
        true
    ],
    "failureReason": false
}