{
    "T": [
        100.0,
        102.0,
        104.0,
        106.0,
        108.0,
        110.0,
        112.0,
        114.0,
        116.0,
        118.0,
        120.0,
        122.0,
        124.0,
        126.0,
        128.0,
        130.0,
        132.0,
        134.0,
        136.0,
        138.0,
        140.0,
        142.0,
        144.0,
        146.0,
        148.0,
        150.0,
        152.0,
        154.0,
        156.0,
        158.0
    ],
    "vevDepthReal": [
        -729371.7115589401,
        -695321.4240847474,
        -662696.3088836276,
        -631487.3091524469,
        -601687.9779071258,
        -573294.2796289708,
        -546304.4345463978,
        -520718.76525668945,
        -496539.60625552916,
        -473771.202726616,
        -452419.6620563457,
        -432492.91027694364,
        -414000.7114967958,
        -396954.6402238379,
        -381368.1898932412,
        -367256.8471493626,
        -354638.2529445431,
        -343532.4267336167,
        -333962.0990102424,
        -325953.21326236683,
        -319535.64280670503,
        -314744.3937791034,
        -311621.5884958633,
        -310220.2135677543,
        -310612.36518597644,
        -312913.67301663413,
        -317468.0655327772,
        -323209.7332691139,
        -329158.4736666191,
        -335311.152727827
    ],
    "vevDepthImag": [
        0.0,
        0.0,
        0.0,
        0.0,
        0.0,
        0.0,
        0.0,
        0.0,
        0.0,
        0.0,
        0.0,
        0.0,
        0.0,
        0.0,
        0.0,
        0.0,
        0.0,
        0.0,
        0.0,
        0.0,
        0.0,
        0.0,
        0.0,
        0.0,
        0.0,
        0.0,
        0.0,
        0.0,
        0.0,
        0.0
    ],
    "vevLocation": [
        [
            0.0005467900276555082,
            -2.4673917267783877e-05,
            -5.925582818844775e-07,
            -0.00018999909549407418,
            9.680320270166569e-05,
            0.0004071884905964534,
            -1.5131923638979361e-05,
            -8.284274468073945e-05,
            -4.3241847860796614e-06,
            7.516792408098318e-05,
            0.00011519778458696304,
            -3.980884619337807e-05,
            2.0560594430205775e-05,
            7.473889221815133e-07,
            1.567158807118385e-05,
            4.3079546493072704e-05,
            6.175072817406028e-05,
            1.1916835524081182e-05,
            -0.0004568393864945765,
            -2.6357949439579547e-05,
            -0.00011337923057935795,
            -3.1264225494848086e-05,
            -8.587106987700821e-06,
            -0.00037041888430511694,
            4.356476999389791e-05,
            6.106034662316278e-05,
            1.8395850206467338e-06,
            1.84e-06,
            1.84e-06,
            1.84e-06
        ],
        [
            0.0001,
            0.0001,
            0.0001,
            0.0001,
            0.0001,
            0.0001,
            0.0001,
            0.0001,
            0.0001,
            0.0001,
            0.0001,
            0.0001,
            0.0001,
            0.0001,
            0.0001,
            0.0001,
            0.0001,
            0.0001,
            0.0001,
            0.0001,
            0.0001,
            0.0001,
            0.0001,
            0.0002073201469636839,
            0.0001,
            0.0001,
            0.0001,
            0.0001,
            0.0001,
            0.0001
        ],
        [
            21.556795122388927,
            21.1030810894146,
            20.646209879337324,
            20.186016517651524,
            19.721074172489875,
            19.251130349448715,
            18.776069261849056,
            18.293187975422224,
            17.803545623682552,
            17.30430513702605,
            16.794902998116775,
            16.275327069976605,
            15.73967395331353,
            15.189700200736494,
            14.622167673761268,
            14.03454729068293,
            13.421755529408001,
            12.781461981566462,
            12.106002119618722,
            11.390919408805358,
            10.62225552048609,
            9.787131302160384,
            8.860081970606696,
            7.800539460464996,
            6.524444469764339,
            4.772191569849175,
            0.0001,
            0.0001,
            0.0001,
            0.0001
        ]
    ],
    "bIsPerturbative": [
        true,
        true,
        true,
        true,
        true,
        true,
        true,
        true,
        true,
        true,
        true,
        true,
        true,
        true,
        true,
        true,
        true,
        true,
        true,
        true,
        true,
        true,
        true,
        true,
        true,
        true,
        true,
        true,
        true,
        true
    ],
    "failureReason": false
}